Zeitstempel;Kanton;Isolierte;Kontaktpersonen in Quarantäne;Reiserückkehrer in Quarantäne;In Quarantäne total;Fälle mit Wohnsitz BS;Fälle mit Wohnsitz ausserhalb BS;Differenz Fälle mit Wohnsitz BS;Differenz Fälle mit Wohnsitz ausserhalb BS;Hospitalisierte;Hospitalisierte mit Wohnsitz BS;Hospitalisierte mit Wohnsitz ausserhalb BS;Neu Hospitalisierte;Fälle auf Intensivstation;Intubierte;Genesene;Differenz Genesene;Verstorbene;Differenz Verstorbene;Quelle;Datum;Zeit;Woche
2020-02-29T15:23:00+01:00;BS;;;;;1;1;0;0;;;;;;;;;;;https://twitter.com/BAG_OFSP_UFSP/status/1233759578241863681?s=20;2020-02-29;15:23;9
2020-03-04T17:20:00+01:00;BS;;;;;3;3;0;0;;;;;;;;;;;https://twitter.com/BAG_OFSP_UFSP/status/1235240377134862336?s=20;2020-03-04;17:20;10
2020-03-06T14:00:00+01:00;BS;;;;;15;3;7;0;1;;;;;;;;;;https://twitter.com/BAG_OFSP_UFSP/status/1235934884167852035?s=20;2020-03-06;14:00;10
2020-03-09T12:00:00+01:00;BS;;;;;28;3;4;0;1;;;;;;;;;;https://twitter.com/BAG_OFSP_UFSP/status/1236973685602426881?s=20;2020-03-09;12:00;11
2020-03-13T12:30:00+01:00;BS;;;;;92;3;19;0;13;;;;;;4;0;1;0;https://twitter.com/BAG_OFSP_UFSP/status/1238430659762364417?s=20;2020-03-13;12:30;11
2020-03-16T12:00:00+01:00;BS;;;;;143;122;43;119;13;;;;;;4;0;4;3;https://www.coronavirus.bs.ch/nm/2020-tagesbulletin-coronavirus-144-bestaetigte-faelle-im-kanton-basel-stadt-gd.html;2020-03-16;12:00;12
2020-03-23T10:00:00+01:00;BS;;;;;374;269;18;10;56;;;;;;78;5;5;0;https://www.coronavirus.bs.ch/nm/2020-tagesbulletin-coronavirus-376-bestaetigte-faelle-im-kanton-basel-stadt-gd.html;2020-03-23;10:00;13
2020-03-25T10:00:00+01:00;BS;;;;;462;299;52;15;58;;;;;;128;23;8;3;https://www.coronavirus.bs.ch/nm/2020-tagesbulletin-coronavirus-466-bestaetigte-faelle-im-kanton-basel-stadt-gd.html;2020-03-25;10:00;13
2020-03-27T10:00:00+01:00;BS;;;;;530;335;29;17;76;;19;;8;;191;36;13;1;https://www.coronavirus.bs.ch/nm/2020-tagesbulletin-coronavirus-534-bestaetigte-faelle-im-kanton-basel-stadt-gd.html;2020-03-27;10:00;13
2020-03-28T10:00:00+01:00;BS;;;;;569;357;39;22;79;;20;;11;;211;20;13;0;https://www.coronavirus.bs.ch/nm/2020-tagesbulletin-coronavirus-573-bestaetigte-faelle-im-kanton-basel-stadt-gd.html;2020-03-28;10:00;13
2020-03-29T10:00:00+02:00;BS;;;;;605;365;36;8;87;;22;;12;;228;17;15;2;https://www.coronavirus.bs.ch/nm/2020-tagesbulletin-coronavirus-609-bestaetigte-faelle-im-kanton-basel-stadt-gd.html;2020-03-29;10:00;13
2020-04-02T10:00:00+02:00;BS;;;;;714;400;27;5;119;;24;;17;;350;27;19;1;https://www.gd.bs.ch//nm/2020-tagesbulletin-coronavirus-718-bestaetigte-faelle-im-kanton-basel-stadt-gd.html;2020-04-02;10:00;14
2020-04-06T09:45:00+02:00;BS;;;;;798;427;9;2;99;;21;;13;;481;21;26;0;https://www.coronavirus.bs.ch/nm/2020-tagesbulletin-coronavirus-803-bestaetigte-faelle-im-kanton-basel-stadt-gd.html;2020-04-06;09:45;15
2020-04-09T10:00:00+02:00;BS;;;;;841;454;12;7;93;;19;;13;;572;37;33;2;https://www.gd.bs.ch//nm/2020-tagesbulletin-coronavirus-846-bestaetigte-faelle-im-kanton-basel-stadt-gd.html;2020-04-09;10:00;15
2020-04-10T10:00:00+02:00;BS;;;;;854;459;13;5;87;;21;;13;;593;21;33;0;https://www.gd.bs.ch//nm/2020-tagesbulletin-coronavirus-859-bestaetigte-faelle-im-kanton-basel-stadt-gd.html;2020-04-10;10:00;15
2020-04-12T10:00:00+02:00;BS;;;;;877;473;16;11;86;;23;;12;;629;17;33;0;https://www.gd.bs.ch//nm/2020-tagesbulletin-coronavirus-882-bestaetigte-faelle-im-kanton-basel-stadt-gd.html;2020-04-12;10:00;15
2020-04-13T10:00:00+02:00;BS;;;;;888;475;11;2;;;;;;;653;24;34;1;https://www.gd.bs.ch//nm/2020-tagesbulletin-coronavirus-893-bestaetigte-faelle-im-kanton-basel-stadt-gd.html;2020-04-13;10:00;16
2020-04-15T10:00:00+02:00;BS;;;;;904;480;10;2;80;;22;;7;;682;19;36;2;https://www.gd.bs.ch//nm/2020-tagesbulletin-coronavirus-909-bestaetigte-faelle-im-kanton-basel-stadt-gd.html;2020-04-15;10:00;16
2020-04-18T09:45:00+02:00;BS;;;;;924;492;6;4;67;;;;8;;753;33;40;3;https://www.gd.bs.ch//nm/2020-tagesbulletin-coronavirus-929-bestaetigte-faelle-im-kanton-basel-stadt-gd.html;2020-04-18;09:45;16
2020-04-19T10:00:00+02:00;BS;;;;;927;494;3;2;61;;;;7;;764;11;40;0;https://www.gd.bs.ch//nm/2020-tagesbulletin-coronavirus-932-bestaetigte-faelle-im-kanton-basel-stadt-gd.html;2020-04-19;10:00;16
2020-04-23T09:00:00+02:00;BS;;;;;931;496;3;0;42;;13;;7;;793;7;45;0;https://www.gd.bs.ch//nm/2020-tagesbulletin-coronavirus-931-bestaetigte-faelle-im-kanton-basel-stadt-gd.html;2020-04-23;09:00;17
2020-04-24T09:15:00+02:00;BS;;;;;936;496;5;0;40;;13;;7;;800;7;46;1;https://www.gd.bs.ch//nm/2020-tagesbulletin-coronavirus-936-bestaetigte-faelle-im-kanton-basel-stadt-gd.html;2020-04-24;09:15;17
2020-04-30T09:00:00+02:00;BS;;;;;951;500;5;1;24;;7;;8;;828;18;50;1;https://www.gd.bs.ch//nm/2020-tagesbulletin-coronavirus-951-bestaetigte-faelle-im-kanton-basel-stadt-gd.html;2020-04-30;09:00;18
2020-05-07T10:00:00+02:00;BS;;;;;965;505;3;1;20;;7;;4;;870;2;50;0;https://www.gd.bs.ch//nm/2020-tagesbulletin-coronavirus-965-bestaetigte-faelle-im-kanton-basel-stadt-gd.html;2020-05-07;10:00;19
2020-05-09T09:00:00+02:00;BS;;;;;967;;1;;16;;;;3;;881;7;50;0;https://www.gd.bs.ch//nm/2020-tagesbulletin-coronavirus-970-bestaetigte-faelle-im-kanton-basel-stadt-gd.html;2020-05-09;09:00;19
2020-05-10T09:00:00+02:00;BS;;;;;968;;1;;14;;;;3;;882;1;50;0;https://www.gd.bs.ch//nm/2020-tagesbulletin-coronavirus-970-bestaetigte-faelle-im-kanton-basel-stadt-gd.html;2020-05-10;09:00;19
2020-05-17T08:30:00+02:00;BS;;;;;974;;0;;11;;;;3;;904;0;50;0;https://www.gd.bs.ch//nm/2020-tagesbulletin-coronavirus-974-bestaetigte-faelle-im-kanton-basel-stadt-gd.html;2020-05-17;08:30;20
2020-05-18T08:30:00+02:00;BS;;;;;974;505;0;;12;;;;3;;904;0;50;0;https://www.gd.bs.ch//nm/2020-tagesbulletin-coronavirus-974-bestaetigte-faelle-im-kanton-basel-stadt-gd.html;2020-05-18;08:30;21
2020-05-21T09:00:00+02:00;BS;;;;;976;;0;;;;;;;;916;0;50;0;https://www.gd.bs.ch//nm/2020-tagesbulletin-coronavirus-976-bestaetigte-faelle-im-kanton-basel-stadt-gd-2.html;2020-05-21;09:00;21
2020-05-22T09:00:00+02:00;BS;;;;;976;505;0;;;;;;;;916;0;50;0;https://www.gd.bs.ch//nm/2020-tagesbulletin-coronavirus-976-bestaetigte-faelle-im-kanton-basel-stadt-gd-2.html;2020-05-22;09:00;21
2020-05-26T10:00:00+02:00;BS;4;7;;7;976;505;0;0;4;;2;;2;;922;2;50;0;https://www.gd.bs.ch//nm/2020-tagesbulletin-coronavirus-weiterhin-976-bestaetigte-faelle-im-kanton-basel-stadt-gd.html;2020-05-26;10:00;22
2020-06-11T09:30:00+02:00;BS;4;5;;5;983;509;0;0;3;;3;;2;;929;1;50;0;https://www.gd.bs.ch//nm/2020-tagesbulletin-coronavirus-983-bestaetigte-faelle-im-kanton-basel-stadt-gd-3.html;2020-06-11;09:30;24
2020-06-14T09:30:00+02:00;BS;1;2;;2;983;509;0;0;3;;3;;2;;932;1;50;0;https://www.gd.bs.ch//nm/2020-tagesbulletin-coronavirus-unveraendert-983-bestaetigte-faelle-im-kanton-basel-stadt-gd.html https://www.bag.admin.ch/dam/bag/de/dokumente/mt/k-und-i/aktuelle-ausbrueche-pandemien/2019-nCoV/bisherige-lageberichte-zip.zip.download.zip/Epidemiologische_Lage_Schweiz.zip;2020-06-14;09:30;24
2020-06-15T09:30:00+02:00;BS;1;0;;0;983;509;0;0;3;;3;;2;;932;0;50;0;https://www.gd.bs.ch//nm/2020-tagesbulletin-coronavirus-unveraendert-983-bestaetigte-faelle-im-kanton-basel-stadt-gd.html;2020-06-15;09:30;25
2020-06-22T09:30:00+02:00;BS;1;6;;6;985;509;0;0;2;;2;;1;;934;0;50;0;https://www.gd.bs.ch//nm/2020-tagesbulletin-coronavirus-unveraendert-985-bestaetigte-faelle-im-kanton-basel-stadt-gd.html;2020-06-22;09:30;26
2020-06-28T13:00:00+02:00;BS;1;5;;5;985;510;0;1;1;;1;;1;;934;0;50;0;https://www.gesundheit.bs.ch https://www.bag.admin.ch/dam/bag/de/dokumente/mt/k-und-i/aktuelle-ausbrueche-pandemien/2019-nCoV/bisherige-lageberichte-zip.zip.download.zip/Epidemiologische_Lage_Schweiz.zip;2020-06-28;13:00;26
2020-06-30T08:30:00+02:00;BS;0;7;;7;985;510;0;0;1;;0;;0;;935;1;50;0;https://www.gesundheit.bs.ch;2020-06-30;08:30;27
2020-07-07T08:00:00+02:00;BS;8;;;16;993;510;3;0;4;;1;;1;;935;0;50;0;https://www.gesundheit.bs.ch;2020-07-07;08:00;28
2020-07-15T08:45:00+02:00;BS;23;39;161;200;1016;510;2;0;5;;1;;2;;943;3;50;0;https://www.gesundheit.bs.ch;2020-07-15;08:45;29
2020-07-22T07:50:00+02:00;BS;19;39;309;348;1032;511;0;1;5;;2;;3;;964;1;50;0;https://www.gesundheit.bs.ch;2020-07-22;07:50;30
2020-07-25T09:00:00+02:00;BS;15;30;386;416;1035;512;1;1;3;;1;;2;;969;1;51;0;https://www.gesundheit.bs.ch;2020-07-25;09:00;30
2020-07-26T08:30:00+02:00;BS;16;26;444;470;1036;512;1;0;3;;1;;2;;969;0;52;1;https://www.gesundheit.bs.ch https://www.bag.admin.ch/dam/bag/de/dokumente/mt/k-und-i/aktuelle-ausbrueche-pandemien/2019-nCoV/covid-19-woechentlicher-lagebericht.pdf.download.pdf/BAG_COVID-19_Woechentliche_Lage.pdf;2020-07-26;08:30;30
2020-07-27T10:00:00+02:00;BS;17;27;426;453;1038;512;2;0;3;;1;;2;;969;0;52;0;https://www.gesundheit.bs.ch;2020-07-27;10:00;31
2020-07-29T11:30:00+02:00;BS;20;21;462;483;1043;513;4;0;4;4;0;;0;;971;0;52;0;https://www.gesundheit.bs.ch;2020-07-29;11:30;31
2020-07-30T09:15:00+02:00;BS;28;30;487;517;1052;514;9;1;5;5;0;;0;;972;1;52;0;https://www.gesundheit.bs.ch;2020-07-30;09:15;31
2020-08-05T08:30:00+02:00;BS;43;52;498;550;1079;515;6;0;8;8;0;;1;;981;6;52;0;https://www.gesundheit.bs.ch;2020-08-05;08:30;32
2020-08-06T09:30:00+02:00;BS;45;56;471;527;1081;515;2;0;8;8;0;;0;;984;3;52;0;https://www.gesundheit.bs.ch;2020-08-06;09:30;32
2020-08-07T09:00:00+02:00;BS;42;53;428;481;1082;516;1;1;8;8;0;;0;;988;4;52;0;https://www.gesundheit.bs.ch;2020-08-07;09:00;32
2020-08-09T09:30:00+02:00;BS;38;44;370;414;1085;516;2;0;7;7;0;;0;;995;4;52;0;https://www.gesundheit.bs.ch https://www.bag.admin.ch/dam/bag/de/dokumente/mt/k-und-i/aktuelle-ausbrueche-pandemien/2019-nCoV/covid-19-woechentlicher-lagebericht.pdf.download.pdf/BAG_COVID-19_Woechentliche_Lage.pdf;2020-08-09;09:30;32
2020-08-14T09:00:00+02:00;BS;40;49;406;455;1115;520;5;0;5;4;1;;0;;1022;7;53;0;https://www.gesundheit.bs.ch;2020-08-14;09:00;33
2020-08-18T08:00:00+02:00;BS;65;132;462;594;1149;526;5;5;8;6;2;;0;;1031;3;53;0;https://www.gesundheit.bs.ch;2020-08-18;08:00;34
2020-08-20T09:20:00+02:00;BS;76;129;364;493;1165;527;5;1;8;7;1;;0;;1036;1;53;0;https://www.gesundheit.bs.ch;2020-08-20;09:20;34
2020-08-22T09:00:00+02:00;BS;77;118;322;440;1179;527;10;0;7;6;1;;1;;1049;10;53;0;https://www.gesundheit.bs.ch;2020-08-22;09:00;34
2020-08-25T08:20:00+02:00;BS;55;68;331;399;1185;527;0;0;7;6;1;;0;;1077;11;53;0;https://www.gesundheit.bs.ch;2020-08-25;08:20;35
2020-08-26T08:30:00+02:00;BS;55;70;413;483;1190;527;5;0;7;6;1;;0;;1082;5;53;0;https://www.gesundheit.bs.ch;2020-08-26;08:30;35
2020-08-30T09:40:00+02:00;BS;46;82;301;383;1213;533;3;0;3;2;1;;1;;1113;7;54;0;https://www.gesundheit.bs.ch;2020-08-30;09:40;35
2020-08-31T09:20:00+02:00;BS;46;92;319;411;1215;535;2;2;3;2;1;;1;;1115;2;54;0;https://www.gesundheit.bs.ch;2020-08-31;09:20;36
2020-09-04T09:00:00+02:00;BS;49;101;267;368;1233;539;4;0;5;3;2;;2;;1130;3;54;0;https://www.gesundheit.bs.ch;2020-09-04;09:00;36
2020-09-06T09:45:00+02:00;BS;39;75;331;406;1241;541;4;0;5;3;2;;2;;1148;11;54;0;https://www.gesundheit.bs.ch;2020-09-06;09:45;36
2020-09-08T09:00:00+02:00;BS;46;67;305;372;1254;544;7;1;4;3;1;;1;;1154;3;54;0;https://www.gesundheit.bs.ch;2020-09-08;09:00;37
2020-09-16T08:00:00+02:00;BS;44;93;304;397;1279;547;1;0;4;3;1;;1;;1181;3;54;0;https://www.gesundheit.bs.ch;2020-09-16;08:00;38
2020-09-17T09:00:00+02:00;BS;44;101;260;361;1282;547;3;0;3;2;1;;1;;1184;3;54;0;https://www.gesundheit.bs.ch;2020-09-17;09:00;38
2020-09-20T09:35:00+02:00;BS;42;103;315;418;1293;549;2;0;2;2;0;;0;;1197;5;54;0;https://www.gesundheit.bs.ch;2020-09-20;09:35;38
2020-09-24T09:30:00+02:00;BS;30;70;341;411;1299;551;3;1;1;1;0;;0;;1215;6;54;0;https://www.gesundheit.bs.ch;2020-09-24;09:30;39
2020-09-25T09:30:00+02:00;BS;33;53;295;348;1302;552;3;1;0;0;0;;0;;1215;0;54;0;https://www.gesundheit.bs.ch;2020-09-25;09:30;39
2020-09-26T10:25:00+02:00;BS;29;52;328;380;1305;553;3;1;3;2;1;;0;;1222;7;54;0;https://www.gesundheit.bs.ch;2020-09-26;10:25;39
2020-09-27T09:50:00+02:00;BS;29;54;330;384;1309;553;4;0;3;2;1;;0;;1226;4;54;0;https://www.gesundheit.bs.ch;2020-09-27;09:50;39
2020-09-29T09:00:00+02:00;BS;30;56;401;457;1312;555;1;2;3;2;1;;0;;1228;1;54;0;https://www.gesundheit.bs.ch;2020-09-29;09:00;40
2020-10-02T09:30:00+02:00;BS;37;82;406;488;1326;559;6;1;2;1;1;;1;;1235;1;54;0;https://www.gesundheit.bs.ch;2020-10-02;09:30;40
2020-10-03T09:40:00+02:00;BS;45;91;440;531;1339;563;13;4;1;0;1;;1;;1240;5;54;0;https://www.gesundheit.bs.ch;2020-10-03;09:40;40
2020-10-07T10:00:00+02:00;BS;62;153;621;774;1370;572;14;6;1;0;1;;1;;1253;5;54;0;https://www.gesundheit.bs.ch;2020-10-07;10:00;41
2020-10-10T08:30:00+02:00;BS;94;257;651;908;1412;575;11;2;1;0;1;;1;;1264;6;54;0;https://www.gesundheit.bs.ch;2020-10-10;08:30;41
2020-10-12T09:00:00+02:00;BS;129;283;621;904;1462;578;34;1;5;2;3;;3;;1279;5;54;0;https://www.gesundheit.bs.ch;2020-10-12;09:00;42
2020-10-17T09:45:00+02:00;BS;209;369;491;860;1590;594;42;0;10;5;5;;3;;1327;19;54;0;https://www.gesundheit.bs.ch;2020-10-17;09:45;42
2020-02-28T10:15:00+01:00;BS;;;;;1;1;0;0;;;;;;;;;;;https://twitter.com/BR_Sprecher/status/1233316679863631873?s=20;2020-02-28;10:15;9
2020-03-01T17:29:00+01:00;BS;;;;;1;1;0;0;;;;;;;;;;;https://www.coronavirus.bs.ch/nm/2020-coronavirus-anzahl-der-getesteten-faelle-und-zwischenstand-kita-riehen-gd.html;2020-03-01;17:29;9
2020-03-03T17:30:00+01:00;BS;;;;;3;3;2;0;;;;;;;;;;;https://twitter.com/BAG_OFSP_UFSP/status/1234880556095213569?s=20;2020-03-03;17:30;10
2020-03-05T17:15:00+01:00;BS;;;;;8;3;5;0;1;;;;;;;;;;https://www.coronavirus.bs.ch/nm/2020-coronavirus-fuenf-neue-positive-faelle-in-basel-stadt-gd.html;2020-03-05;17:15;10
2020-03-07T12:00:00+01:00;BS;;;;;21;3;6;0;1;;;;;;;;;;https://twitter.com/BAG_OFSP_UFSP/status/1236249864473894914?s=20;2020-03-07;12:00;10
2020-03-08T12:00:00+01:00;BS;;;;;24;3;3;0;1;;;;;;;;;;https://twitter.com/BAG_OFSP_UFSP/status/1236609191831384064?s=20;2020-03-08;12:00;10
2020-03-10T12:00:00+01:00;BS;;;;;33;3;5;0;1;;;;;;;;;;https://twitter.com/BAG_OFSP_UFSP/status/1237336196772175873?s=20;2020-03-10;12:00;11
2020-03-12T12:00:00+01:00;BS;;;;;73;3;24;0;13;;;;;;4;0;1;;https://twitter.com/BAG_OFSP_UFSP/status/1238073089902235648?s=20 https://www.coronavirus.bs.ch/nm/2020-coronavirus-erster-todesfall-im-kanton-basel-stadt-gd.html;2020-03-12;12:00;11
2020-03-14T11:27:00+01:00;BS;;;;;100;3;8;0;13;;;;;;4;0;1;0;https://twitter.com/BAG_OFSP_UFSP/status/1238773726423941127?s=20;2020-03-14;11:27;11
2020-03-17T12:00:00+01:00;BS;;;;;164;141;21;19;30;;;;;;25;21;4;0;https://www.coronavirus.bs.ch/nm/2020-tagesbulletin-coronavirus-165-bestaetigte-faelle-im-kanton-basel-stadt-gd.html;2020-03-17;12:00;12
2020-03-19T11:00:00+01:00;BS;;;;;220;195;39;35;40;;;;;;44;8;4;0;https://www.coronavirus.bs.ch/nm/2020-tagesbulletin-coronavirus-222-bestaetigte-faelle-basel-stadt-trifft-gemeinsam-mit-den-spitaelern-vorkehrungen-fuer-intensiv--und-beatmungskapazitaeten-gd.html;2020-03-19;11:00;12
2020-03-21T10:00:00+01:00;BS;;;;;297;237;27;10;46;;;;;;57;11;5;1;https://www.coronavirus.bs.ch/nm/2020-tagesbulletin-coronavirus-299-bestaetigte-faelle-im-kanton-basel-stadt-gd.html;2020-03-21;10:00;12
2020-03-31T10:00:00+02:00;BS;;;;;653;373;36;5;105;;23;;15;;292;29;16;1;https://www.coronavirus.bs.ch/nm/2020-tagesbulletin-coronavirus-628-bestaetigte-faelle-im-kanton-basel-stadt-gd.html https://www.coronavirus.bs.ch/nm/2020-tagesbulletin-coronavirus-691-bestaetigte-faelle-im-kanton-basel-stadt-gd.html;2020-03-31;10:00;14
2020-04-01T10:00:00+02:00;BS;;;;;687;395;34;22;108;;20;;16;;323;31;18;2;https://www.coronavirus.bs.ch/nm/2020-tagesbulletin-coronavirus-691-bestaetigte-faelle-im-kanton-basel-stadt-gd.html;2020-04-01;10:00;14
2020-04-04T10:15:00+02:00;BS;;;;;767;414;13;3;112;;21;;16;;434;37;24;3;https://www.gd.bs.ch//nm/2020-tagesbulletin-coronavirus-771-bestaetigte-faelle-im-kanton-basel-stadt-gd.html;2020-04-04;10:15;14
2020-04-05T10:15:00+02:00;BS;;;;;789;425;22;11;106;;22;;15;;460;26;26;2;https://www.gd.bs.ch//nm/2020-tagesbulletin-coronavirus-794-bestaetigte-faelle-im-kanton-basel-stadt-gd.html;2020-04-05;10:15;14
2020-04-07T09:30:00+02:00;BS;;;;;808;430;10;3;101;;18;;13;;508;27;28;2;https://www.gd.bs.ch//nm/2020-tagesbulletin-coronavirus-813-bestaetigte-faelle-im-kanton-basel-stadt-gd.html;2020-04-07;09:30;15
2020-04-11T09:30:00+02:00;BS;;;;;861;462;7;3;;;;;;;612;19;33;0;https://www.gd.bs.ch//nm/2020-tagesbulletin-coronavirus-866-bestaetigte-faelle-im-kanton-basel-stadt-gd.html;2020-04-11;09:30;15
2020-04-14T10:00:00+02:00;BS;;;;;894;478;6;3;86;;25;;9;;663;10;34;0;https://www.gd.bs.ch//nm/2020-tagesbulletin-coronavirus-899-bestaetigte-faelle-im-kanton-basel-stadt-gd.html;2020-04-14;10:00;16
2020-04-16T09:00:00+02:00;BS;;;;;912;486;8;6;76;;22;;6;;711;29;37;1;https://www.gd.bs.ch//nm/2020-tagesbulletin-coronavirus-917-bestaetigte-faelle-im-kanton-basel-stadt-gd.html;2020-04-16;09:00;16
2020-04-17T09:00:00+02:00;BS;;;;;918;488;6;2;68;;18;;7;;720;9;37;0;https://www.gd.bs.ch//nm/2020-tagesbulletin-coronavirus-923-bestaetigte-faelle-im-kanton-basel-stadt-gd.html;2020-04-17;09:00;16
2020-04-20T09:30:00+02:00;BS;;;;;928;494;1;0;57;;;;8;;770;6;42;2;https://www.gd.bs.ch//nm/2020-tagesbulletin-coronavirus-933-bestaetigte-faelle-im-kanton-basel-stadt-gd.html;2020-04-20;09:30;17
2020-04-21T09:15:00+02:00;BS;;;;;928;494;0;0;54;;19;;9;;781;11;44;2;https://www.gd.bs.ch//nm/2020-tagesbulletin-coronavirus-933-bestaetigte-faelle-im-kanton-basel-stadt-gd-2.html;2020-04-21;09:15;17
2020-04-25T09:30:00+02:00;BS;;;;;938;;2;;32;;;;7;;;;46;0;https://www.gd.bs.ch//nm/2020-tagesbulletin-coronavirus-941-bestaetigte-faelle-im-kanton-basel-stadt-gd.html;2020-04-25;09:30;17
2020-04-27T10:30:00+02:00;BS;;;;;941;497;1;;29;;;;7;;;;46;0;https://www.gd.bs.ch//nm/2020-tagesbulletin-coronavirus-941-bestaetigte-faelle-im-kanton-basel-stadt-gd.html;2020-04-27;10:30;18
2020-04-29T10:30:00+02:00;BS;;;;;946;499;3;2;26;;8;;7;;810;;49;0;https://www.gd.bs.ch//nm/2020-tagesbulletin-coronavirus-946-bestaetigte-faelle-im-kanton-basel-stadt-gd.html;2020-04-29;10:30;18
2020-05-01T10:00:00+02:00;BS;;;;;952;;1;;22;;;;6;;833;5;50;0;https://www.gd.bs.ch//nm/2020-tagesbulletin-coronavirus-958-bestaetigte-faelle-im-kanton-basel-stadt-gd.html;2020-05-01;10:00;18
2020-05-02T10:00:00+02:00;BS;;;;;955;;3;;21;;;;5;;835;2;50;0;https://www.gd.bs.ch//nm/2020-tagesbulletin-coronavirus-958-bestaetigte-faelle-im-kanton-basel-stadt-gd.html;2020-05-02;10:00;18
2020-05-08T08:30:00+02:00;BS;;;;;966;505;1;0;19;;7;;4;;874;4;50;0;https://www.gd.bs.ch//nm/2020-tagesbulletin-coronavirus-966-bestaetigte-faelle-im-kanton-basel-stadt-gd.html;2020-05-08;08:30;19
2020-05-14T09:15:00+02:00;BS;;;;;971;505;1;0;11;;;;3;;895;1;50;0;https://www.gd.bs.ch//nm/2020-tagesbulletin-coronavirus-971-bestaetigte-faelle-im-kanton-basel-stadt-gd.html;2020-05-14;09:15;20
2020-05-15T08:30:00+02:00;BS;;;;;972;505;1;0;11;;5;;3;;897;2;50;0;https://www.gd.bs.ch//nm/2020-tagesbulletin-coronavirus-972-bestaetigte-faelle-im-kanton-basel-stadt-gd.html;2020-05-15;08:30;20
2020-05-24T09:00:00+02:00;BS;;;;;976;505;0;0;5;;;;2;;916;0;50;0;https://www.gd.bs.ch//nm/2020-tagesbulletin-coronavirus-976-bestaetigte-faelle-im-kanton-basel-stadt-gd-3.html;2020-05-24;09:00;21
2020-05-25T09:00:00+02:00;BS;6;9;;9;976;505;0;0;5;;;;2;;920;4;50;0;https://www.gd.bs.ch//nm/2020-tagesbulletin-coronavirus-976-bestaetigte-faelle-im-kanton-basel-stadt-gd-3.html;2020-05-25;09:00;22
2020-05-28T09:30:00+02:00;BS;1;0;;0;976;506;0;0;4;;;;2;;923;0;50;0;https://www.gd.bs.ch/nm/2020-tagesbulletin-coronavirus-weiterhin-total-976-bestaetigte-infektionen-und-noch-drei-aktive-faelle-im-kanton-basel-stadt-gd.html;2020-05-28;09:30;22
2020-05-29T10:00:00+02:00;BS;3;3;;3;978;507;2;1;4;;;;2;;923;0;50;0;https://www.gd.bs.ch//nm/2020-tagesbulletin-coronavirus-978-bestaetigte-infektionen-im-kanton-basel-stadt-gd.html;2020-05-29;10:00;22
2020-05-30T10:00:00+02:00;BS;3;73;;73;978;508;0;1;5;;;;3;;923;0;50;0;https://www.gd.bs.ch//nm/2020-tagesbulletin-coronavirus-978-bestaetigte-faelle-im-kanton-basel-stadt-gd.html;2020-05-30;10:00;22
2020-06-01T10:00:00+02:00;BS;3;84;;84;978;508;0;0;5;;;;3;;923;0;50;0;https://www.gd.bs.ch//nm/2020-tagesbulletin-coronavirus-978-bestaetigte-faelle-im-kanton-basel-stadt-gd.html;2020-06-01;10:00;23
2020-06-02T10:00:00+02:00;BS;3;84;;84;978;509;0;1;5;;;;3;;923;0;50;0;https://www.gd.bs.ch//nm/2020-tagesbulletin-coronavirus-978-bestaetigte-faelle-im-kanton-basel-stadt-gd.html;2020-06-02;10:00;23
2020-06-03T10:30:00+02:00;BS;6;91;;91;979;509;1;0;6;;;;3;;923;0;50;0;https://www.gd.bs.ch//nm/2020-tagesbulletin-coronavirus-979-bestaetigte-faelle-im-kanton-basel-stadt-gd.html;2020-06-03;10:30;23
2020-06-04T10:00:00+02:00;BS;5;92;;92;979;509;0;0;6;;;;3;;924;1;50;0;https://www.gd.bs.ch//nm/2020-tagesbulletin-coronavirus-979-bestaetigte-faelle-im-kanton-basel-stadt-gd-2.html;2020-06-04;10:00;23
2020-06-05T08:45:00+02:00;BS;5;93;;93;982;509;3;0;6;;;;3;;924;0;50;0;https://www.gd.bs.ch//nm/2020-tagesbulletin-coronavirus-982-bestaetigte-faelle-im-kanton-basel-stadt-gd.html;2020-06-05;08:45;23
2020-06-07T10:00:00+02:00;BS;7;14;;14;982;509;0;0;4;;;;3;;926;0;50;0;https://www.gd.bs.ch//nm/2020-tagesbulletin-coronavirus-unveraendert-982-bestaetigte-faelle-im-kanton-basel-stadt-gd.html;2020-06-07;10:00;23
2020-06-10T09:30:00+02:00;BS;5;5;;5;983;509;0;0;4;;;;3;;928;0;50;0;https://www.gd.bs.ch//nm/2020-tagesbulletin-coronavirus-983-bestaetigte-faelle-im-kanton-basel-stadt-gd-2.html;2020-06-10;09:30;24
2020-06-13T09:30:00+02:00;BS;2;4;;4;983;509;0;0;3;;3;;2;;931;1;50;0;https://www.gd.bs.ch//nm/2020-tagesbulletin-coronavirus-unveraendert-983-bestaetigte-faelle-im-kanton-basel-stadt-gd.html;2020-06-13;09:30;24
2020-06-16T09:30:00+02:00;BS;1;0;;0;983;509;0;0;3;;3;;2;;932;0;50;0;https://www.gd.bs.ch//nm/2020-tagesbulletin-coronavirus-unveraendert-983-bestaetigte-faelle-im-kanton-basel-stadt-gd-2.html;2020-06-16;09:30;25
2020-06-17T09:30:00+02:00;BS;2;3;;3;984;509;1;0;3;;3;;2;;932;0;50;0;https://www.gd.bs.ch//nm/2020-tagesbulletin-coronavirus-984-bestaetigte-faelle-im-kanton-basel-stadt-gd.html;2020-06-17;09:30;25
2020-06-18T09:30:00+02:00;BS;1;3;;3;984;509;0;0;3;;3;;2;;933;1;50;0;https://www.gd.bs.ch//nm/2020-tagesbulletin-coronavirus-984-bestaetigte-faelle-im-kanton-basel-stadt-gd-2.html;2020-06-18;09:30;25
2020-06-20T09:30:00+02:00;BS;2;4;;4;985;509;0;0;3;;3;;2;;933;0;50;0;https://www.gd.bs.ch//nm/2020-tagesbulletin-coronavirus-unveraendert-985-bestaetigte-faelle-im-kanton-basel-stadt-gd.html;2020-06-20;09:30;25
2020-06-21T09:30:00+02:00;BS;1;4;;4;985;509;0;0;2;;2;;1;;934;1;50;0;https://www.gd.bs.ch//nm/2020-tagesbulletin-coronavirus-unveraendert-985-bestaetigte-faelle-im-kanton-basel-stadt-gd.html https://www.bag.admin.ch/dam/bag/de/dokumente/mt/k-und-i/aktuelle-ausbrueche-pandemien/2019-nCoV/bisherige-lageberichte-zip.zip.download.zip/Epidemiologische_Lage_Schweiz.zip;2020-06-21;09:30;25
2020-06-23T10:00:00+02:00;BS;1;4;;4;985;509;0;0;2;;2;;1;;934;0;50;0;https://www.gd.bs.ch//nm/2020-tagesbulletin-coronavirus-unveraendert-985-bestaetigte-faelle-im-kanton-basel-stadt-gd-2.html;2020-06-23;10:00;26
2020-06-25T09:30:00+02:00;BS;1;6;;6;985;509;0;0;2;;2;;1;;934;0;50;0;https://www.gd.bs.ch//nm/2020-tagesbulletin-coronavirus-unveraendert-985-bestaetigte-faelle-im-kanton-basel-stadt-gd-4.html;2020-06-25;09:30;26
2020-07-01T09:15:00+02:00;BS;0;7;;7;985;510;0;0;0;;0;;0;;935;0;50;0;https://www.gesundheit.bs.ch;2020-07-01;09:15;27
2020-07-09T09:00:00+02:00;BS;13;;;46;999;510;3;0;5;;1;;1;;935;0;50;0;https://www.gesundheit.bs.ch;2020-07-09;09:00;28
2020-07-11T09:00:00+02:00;BS;18;64;20;84;1006;510;2;0;4;;0;;1;;937;2;50;0;https://www.gesundheit.bs.ch;2020-07-11;09:00;28
2020-07-12T08:45:00+02:00;BS;21;90;18;108;1008;510;2;0;3;;0;;1;;937;0;50;0;https://www.gesundheit.bs.ch https://www.bag.admin.ch/dam/bag/de/dokumente/mt/k-und-i/aktuelle-ausbrueche-pandemien/2019-nCoV/covid-19-woechentlicher-lagebericht.pdf.download.pdf/BAG_COVID-19_Woechentliche_Lage.pdf;2020-07-12;08:45;28
2020-07-13T10:00:00+02:00;BS;19;;;138;1009;510;1;0;5;;1;;1;;940;3;50;0;https://www.gesundheit.bs.ch;2020-07-13;10:00;29
2020-07-16T08:25:00+02:00;BS;25;42;168;210;1018;510;2;0;5;;1;;2;;943;0;50;0;https://www.gesundheit.bs.ch;2020-07-16;08:25;29
2020-07-17T08:15:00+02:00;BS;23;48;188;236;1022;510;4;0;5;;1;;2;;949;6;50;0;https://www.gesundheit.bs.ch;2020-07-17;08:15;29
2020-07-20T08:45:00+02:00;BS;18;32;246;278;1026;510;1;0;7;;1;;3;;958;0;50;0;https://www.gesundheit.bs.ch;2020-07-20;08:45;30
2020-08-01T10:10:00+02:00;BS;39;33;570;603;1064;515;10;1;5;5;0;;1;;973;0;52;0;https://www.gesundheit.bs.ch;2020-08-01;10:10;31
2020-08-02T10:00:00+02:00;BS;42;41;546;587;1068;515;4;0;7;7;0;;1;;974;1;52;0;https://www.gesundheit.bs.ch https://www.bag.admin.ch/dam/bag/de/dokumente/mt/k-und-i/aktuelle-ausbrueche-pandemien/2019-nCoV/covid-19-woechentlicher-lagebericht.pdf.download.pdf/BAG_COVID-19_Woechentliche_Lage.pdf;2020-08-02;10:00;31
2020-08-03T09:30:00+02:00;BS;42;44;467;511;1069;515;1;0;8;8;0;;1;;975;1;52;0;https://www.gesundheit.bs.ch;2020-08-03;09:30;32
2020-08-04T09:00:00+02:00;BS;45;46;527;573;1073;515;4;0;8;8;0;;1;;975;0;52;0;https://www.gesundheit.bs.ch;2020-08-04;09:00;32
2020-08-16T10:50:00+02:00;BS;59;97;451;548;1140;521;5;0;8;6;2;;0;;1028;6;53;0;https://www.gesundheit.bs.ch https://www.bag.admin.ch/dam/bag/de/dokumente/mt/k-und-i/aktuelle-ausbrueche-pandemien/2019-nCoV/covid-19-woechentlicher-lagebericht.pdf.download.pdf/BAG_COVID-19_Woechentliche_Lage.pdf;2020-08-16;10:50;33
2020-08-19T09:00:00+02:00;BS;72;133;460;593;1160;526;11;0;10;8;2;;0;;1035;4;53;0;https://www.gesundheit.bs.ch;2020-08-19;09:00;34
2020-08-21T08:20:00+02:00;BS;77;129;343;472;1169;527;4;0;8;7;1;;0;;1039;3;53;0;https://www.gesundheit.bs.ch;2020-08-21;08:20;34
2020-08-24T09:40:00+02:00;BS;66;91;375;466;1185;527;2;0;7;6;1;;0;;1066;7;53;0;https://www.gesundheit.bs.ch;2020-08-24;09:40;35
2020-08-29T09:30:00+02:00;BS;50;68;316;384;1210;533;5;0;4;3;1;;1;;1106;11;54;1;https://www.gesundheit.bs.ch;2020-08-29;09:30;35
2020-09-01T10:00:00+02:00;BS;39;93;315;408;1219;535;4;0;4;2;2;;2;;1126;11;54;0;https://www.gesundheit.bs.ch;2020-09-01;10:00;36
2020-09-02T09:40:00+02:00;BS;47;97;284;381;1226;536;7;1;4;2;2;;2;;1126;0;54;0;https://www.gesundheit.bs.ch;2020-09-02;09:40;36
2020-09-05T09:15:00+02:00;BS;46;79;302;381;1237;541;4;2;6;4;2;;2;;1137;7;54;0;https://www.gesundheit.bs.ch;2020-09-05;09:15;36
2020-09-09T09:00:00+02:00;BS;46;83;304;387;1258;545;4;1;3;2;1;;1;;1158;4;54;0;https://www.gesundheit.bs.ch;2020-09-09;09:00;37
2020-09-12T09:00:00+02:00;BS;46;94;235;329;1265;546;0;0;3;2;1;;1;;1165;0;54;0;https://www.gesundheit.bs.ch;2020-09-12;09:00;37
2020-09-14T09:40:00+02:00;BS;46;115;249;364;1274;546;2;0;4;3;1;;1;;1174;3;54;0;https://www.gesundheit.bs.ch;2020-09-14;09:40;38
2020-09-18T09:30:00+02:00;BS;47;101;283;384;1289;549;7;2;3;2;1;;1;;1188;4;54;0;https://www.gesundheit.bs.ch;2020-09-18;09:30;38
2020-09-30T08:10:00+02:00;BS;32;63;379;442;1317;555;5;0;3;2;1;;0;;1231;3;54;0;https://www.gesundheit.bs.ch;2020-09-30;08:10;40
2020-10-04T10:20:00+02:00;BS;48;93;471;564;1346;563;7;0;1;0;1;;1;;1244;4;54;0;https://www.gesundheit.bs.ch;2020-10-04;10:20;40
2020-10-06T08:30:00+02:00;BS;54;123;555;678;1356;566;6;0;1;0;1;;1;;1248;1;54;0;https://www.gesundheit.bs.ch;2020-10-06;08:30;41
2020-10-08T08:40:00+02:00;BS;76;183;575;758;1385;572;15;0;1;0;1;;1;;1255;2;54;0;https://www.gesundheit.bs.ch;2020-10-08;08:40;41
2020-10-11T08:30:00+02:00;BS;100;280;684;964;1428;577;16;2;2;0;2;;1;;1274;10;54;0;https://www.gesundheit.bs.ch;2020-10-11;08:30;41
2020-10-13T09:15:00+02:00;BS;141;288;566;854;1483;578;21;0;12;4;8;;3;;1288;9;54;0;https://www.gesundheit.bs.ch;2020-10-13;09:15;42
2020-10-14T09:30:00+02:00;BS;161;303;631;934;1512;581;29;3;10;4;6;;3;;1297;9;54;0;https://www.gesundheit.bs.ch;2020-10-14;09:30;42
2020-10-15T08:15:00+02:00;BS;161;331;567;898;1521;591;9;10;9;3;6;;3;;1306;9;54;0;https://www.gesundheit.bs.ch;2020-10-15;08:15;42
2020-10-18T10:00:00+02:00;BS;240;368;438;806;1635;604;45;10;11;5;6;;3;;1341;14;54;0;https://www.gesundheit.bs.ch;2020-10-18;10:00;42
2020-10-19T13:00:00+02:00;BS;249;346;424;770;1667;617;32;13;17;7;10;;3;;1364;23;54;0;https://www.gesundheit.bs.ch;2020-10-19;13:00;43
2020-10-20T10:00:00+02:00;BS;262;356;445;801;1686;617;19;0;17;9;8;;2;;1370;6;54;0;https://www.gesundheit.bs.ch;2020-10-20;10:00;43
2020-10-21T09:15:00+02:00;BS;298;331;410;741;1729;622;43;5;18;9;9;;2;;1377;7;54;0;https://www.gesundheit.bs.ch;2020-10-21;09:15;43
2020-10-22T09:45:00+02:00;BS;361;323;463;786;1804;624;75;2;19;10;9;;2;;1389;12;54;0;https://www.gesundheit.bs.ch;2020-10-22;09:45;43
2020-02-27T19:17:00+01:00;BS;;;;;1;1;;;;;;;;;;;;;https://www.coronavirus.bs.ch/nm/2020-coronavirus-erster-positiver-fall-in-basel-stadt-zweiter-positiv-getesteter-ausserkantonaler-fall-gd.html;2020-02-27;19:17;9
2020-03-02T17:15:00+01:00;BS;;;;;1;3;0;2;;;;;;;;;;;https://www.coronavirus.bs.ch/nm/2020-coronavirus-zwei-neue-positive-faelle-in-basel-stadt-gd.html;2020-03-02;17:15;10
2020-03-11T12:00:00+01:00;BS;36;;;;49;3;16;0;13;;;;2;;4;;;;https://www.coronavirus.bs.ch/nm/2020-coronavirus-ende-der-quarantaenemassnahmen-im-fall-kita-riehen-gd.html;2020-03-11;12:00;11
2020-03-18T11:15:00+01:00;BS;;;;;181;160;17;19;40;;;;;;36;11;4;0;https://www.coronavirus.bs.ch/nm/2020-tagesbulletin-coronavirus-182-bestaetigte-faelle-im-kanton-basel-stadt-treffen-mit-allen-spitaelern-gd.html;2020-03-18;11:15;12
2020-03-22T10:30:00+01:00;BS;;;;;356;259;59;22;50;;;;;;73;16;5;0;https://www.coronavirus.bs.ch/nm/2020-tagesbulletin-coronavirus-358-bestaetigte-faelle-im-kanton-basel-stadt-gd.html;2020-03-22;10:30;12
2020-03-20T10:00:00+01:00;BS;;;;;270;227;50;32;45;;;;;;46;2;4;0;https://www.coronavirus.bs.ch/nm/2020-tagesbulletin-coronavirus-272-bestaetigte-faelle-im-kanton-basel-stadt-gd.html;2020-03-20;10:00;12
2020-03-24T09:00:00+01:00;BS;;;;;410;284;36;15;58;;;;;;105;27;5;0;https://www.coronavirus.bs.ch/nm/2020-tagesbulletin-coronavirus-414-bestaetigte-faelle-im-kanton-basel-stadt-gd.html;2020-03-24;09:00;13
2020-03-26T10:30:00+01:00;BS;;;;;501;318;39;19;74;;20;;8;;155;27;12;4;https://www.coronavirus.bs.ch/nm/2020-tagesbulletin-coronavirus-505-bestaetigte-faelle-im-kanton-basel-stadt-gd.html;2020-03-26;10:30;13
2020-03-30T10:00:00+02:00;BS;;;;;617;368;12;3;90;;20;;12;;263;35;15;0;https://www.coronavirus.bs.ch/nm/2020-tagesbulletin-coronavirus-621-bestaetigte-faelle-im-kanton-basel-stadt-gd.html;2020-03-30;10:00;14
2020-04-03T08:30:00+02:00;BS;;;;;754;411;40;11;115;;22;;17;;397;47;21;2;https://www.gd.bs.ch/nm/2020-tagesbulletin-coronavirus-748-bestaetigte-faelle-im-kanton-basel-stadt-gd.html https://www.coronavirus.bs.ch/nm/2020-tagesbulletin-coronavirus-771-bestaetigte-faelle-im-kanton-basel-stadt-gd.html;2020-04-03;08:30;14
2020-04-08T10:00:00+02:00;BS;;;;;829;447;21;17;99;;16;;14;;535;27;31;3;https://www.gd.bs.ch//nm/2020-tagesbulletin-coronavirus-834-bestaetigte-faelle-im-kanton-basel-stadt-gd.html;2020-04-08;10:00;15
2020-04-22T09:45:00+02:00;BS;;;;;928;496;0;2;49;;16;;7;;786;5;45;1;https://www.gd.bs.ch//nm/2020-tagesbulletin-coronavirus-933-bestaetigte-faelle-im-kanton-basel-stadt-gd-3.html;2020-04-22;09:45;17
2020-04-26T09:30:00+02:00;BS;;;;;940;;2;;30;;;;8;;;;46;0;https://www.gd.bs.ch//nm/2020-tagesbulletin-coronavirus-941-bestaetigte-faelle-im-kanton-basel-stadt-gd.html;2020-04-26;09:30;17
2020-04-28T09:30:00+02:00;BS;;;;;943;497;2;0;28;;7;;7;;;;49;3;https://www.gd.bs.ch//nm/2020-tagesbulletin-coronavirus-943-bestaetigte-faelle-im-kanton-basel-stadt-gd.html;2020-04-28;09:30;18
2020-05-03T10:00:00+02:00;BS;;;;;956;;1;;21;;;;5;;839;4;50;0;https://www.gd.bs.ch//nm/2020-tagesbulletin-coronavirus-958-bestaetigte-faelle-im-kanton-basel-stadt-gd.html;2020-05-03;10:00;18
2020-05-04T10:00:00+02:00;BS;;;;;958;503;2;;22;;;;4;;840;1;50;0;https://www.gd.bs.ch//nm/2020-tagesbulletin-coronavirus-958-bestaetigte-faelle-im-kanton-basel-stadt-gd.html;2020-05-04;10:00;19
2020-05-05T09:00:00+02:00;BS;;;;;959;503;1;0;21;;8;;4;;842;2;50;0;https://www.gd.bs.ch//nm/2020-tagesbulletin-coronavirus-959-bestaetigte-faelle-im-kanton-basel-stadt-gd.html;2020-05-05;09:00;19
2020-05-06T09:30:00+02:00;BS;;;;;962;504;3;1;21;;8;;4;;868;26;50;0;https://www.gd.bs.ch//nm/2020-tagesbulletin-coronavirus-962-bestaetigte-faelle-im-kanton-basel-stadt-gd.html;2020-05-06;09:30;19
2020-05-11T09:00:00+02:00;BS;;;;;970;505;2;;14;;;;3;;884;2;50;0;https://www.gd.bs.ch//nm/2020-tagesbulletin-coronavirus-970-bestaetigte-faelle-im-kanton-basel-stadt-gd.html;2020-05-11;09:00;20
2020-05-12T09:50:00+02:00;BS;;;;;970;505;0;0;15;;;;3;;892;8;50;0;https://www.gd.bs.ch//nm/2020-tagesbulletin-coronavirus-970-bestaetigte-faelle-im-kanton-basel-stadt-gd-2.html;2020-05-12;09:50;20
2020-05-13T08:30:00+02:00;BS;;;;;970;505;0;0;12;;;;3;;894;2;50;0;https://www.gd.bs.ch//nm/2020-tagesbulletin-coronavirus-970-bestaetigte-faelle-im-kanton-basel-stadt-gd-3.html;2020-05-13;08:30;20
2020-05-16T08:30:00+02:00;BS;;;;;974;;2;;11;;;;3;;904;7;50;0;https://www.gd.bs.ch//nm/2020-tagesbulletin-coronavirus-974-bestaetigte-faelle-im-kanton-basel-stadt-gd.html;2020-05-16;08:30;20
2020-05-19T08:30:00+02:00;BS;;;;;975;505;1;0;12;;5;;3;;916;12;50;0;https://www.gd.bs.ch//nm/2020-tagesbulletin-coronavirus-975-bestaetigte-faelle-im-kanton-basel-stadt-gd.html;2020-05-19;08:30;21
2020-05-20T08:30:00+02:00;BS;;;;;976;505;1;0;;;;;;;916;0;50;0;https://www.gd.bs.ch//nm/2020-tagesbulletin-coronavirus-976-bestaetigte-faelle-im-kanton-basel-stadt-gd.html;2020-05-20;08:30;21
2020-05-23T09:00:00+02:00;BS;;;;;976;505;0;0;6;;;;3;;916;0;50;0;https://www.gd.bs.ch//nm/2020-tagesbulletin-coronavirus-976-bestaetigte-faelle-im-kanton-basel-stadt-gd-3.html;2020-05-23;09:00;21
2020-05-27T09:00:00+02:00;BS;1;6;;6;976;506;0;1;4;;;;2;;923;1;50;0;https://www.coronavirus.bs.ch//nm/2020-tagesbulletin-coronavirus-noch-drei-aktive-faelle-im-kanton-basel-stadt-gd.html;2020-05-27;09:00;22
2020-05-31T10:00:00+02:00;BS;3;73;;73;978;508;0;0;5;;;;3;;923;0;50;0;https://www.gd.bs.ch//nm/2020-tagesbulletin-coronavirus-978-bestaetigte-faelle-im-kanton-basel-stadt-gd.html;2020-05-31;10:00;22
2020-06-06T10:00:00+02:00;BS;6;15;;15;982;509;0;0;5;;;;3;;926;2;50;0;https://www.gd.bs.ch//nm/2020-tagesbulletin-coronavirus-unveraendert-982-bestaetigte-faelle-im-kanton-basel-stadt-gd.html;2020-06-06;10:00;23
2020-06-08T10:00:00+02:00;BS;4;8;;8;982;509;0;0;4;;;;3;;928;2;50;0;https://www.gd.bs.ch//nm/2020-tagesbulletin-coronavirus-unveraendert-982-bestaetigte-faelle-im-kanton-basel-stadt-gd.html;2020-06-08;10:00;24
2020-06-09T10:00:00+02:00;BS;5;7;;7;983;509;1;0;4;;;;3;;928;0;50;0;https://www.gd.bs.ch//nm/2020-tagesbulletin-coronavirus-983-bestaetigte-faelle-im-kanton-basel-stadt-gd.html;2020-06-09;10:00;24
2020-06-12T09:30:00+02:00;BS;3;5;;5;983;509;0;0;3;;3;;2;;930;1;50;0;https://www.gd.bs.ch//nm/2020-tagesbulletin-coronavirus-983-bestaetigte-faelle-im-kanton-basel-stadt-gd-4.html;2020-06-12;09:30;24
2020-06-19T09:30:00+02:00;BS;2;3;;3;985;509;1;0;3;;3;;2;;933;0;50;0;https://www.gd.bs.ch//nm/2020-tagesbulletin-coronavirus-985-bestaetigte-faelle-im-kanton-basel-stadt-gd.html;2020-06-19;09:30;25
2020-06-24T09:30:00+02:00;BS;1;5;;5;985;509;0;0;2;;2;;1;;934;0;50;0;https://www.gd.bs.ch//nm/2020-tagesbulletin-coronavirus-unveraendert-985-bestaetigte-faelle-im-kanton-basel-stadt-gd-3.html;2020-06-24;09:30;26
2020-06-26T08:50:00+02:00;BS;1;6;;6;985;509;0;0;1;;1;;1;;934;0;50;0;https://www.gesundheit.bs.ch;2020-06-26;08:50;26
2020-06-27T09:20:00+02:00;BS;1;5;;5;985;509;0;0;1;;1;;1;;934;0;50;0;https://www.gesundheit.bs.ch;2020-06-27;09:20;26
2020-06-29T09:45:00+02:00;BS;1;6;;6;985;510;0;0;1;;1;;1;;934;0;50;0;https://www.gesundheit.bs.ch;2020-06-29;09:45;27
2020-07-02T09:00:00+02:00;BS;1;7;;7;986;510;1;0;0;;0;;0;;935;0;50;0;https://www.gesundheit.bs.ch;2020-07-02;09:00;27
2020-07-03T09:30:00+02:00;BS;3;10;;10;988;510;2;0;1;;1;;0;;935;0;50;0;https://www.gesundheit.bs.ch;2020-07-03;09:30;27
2020-07-04T09:15:00+02:00;BS;4;12;;12;989;510;1;0;3;;1;;0;;935;0;50;0;https://www.gesundheit.bs.ch;2020-07-04;09:15;27
2020-07-05T09:00:00+02:00;BS;5;10;;10;990;510;1;0;3;;1;;1;;935;0;50;0;https://www.gesundheit.bs.ch https://www.bag.admin.ch/dam/bag/de/dokumente/mt/k-und-i/aktuelle-ausbrueche-pandemien/2019-nCoV/bisherige-lageberichte-zip.zip.download.zip/Epidemiologische_Lage_Schweiz.zip;2020-07-05;09:00;27
2020-07-06T08:15:00+02:00;BS;5;;;10;990;510;0;0;4;;1;;1;;935;0;50;0;https://www.gesundheit.bs.ch;2020-07-06;08:15;28
2020-07-08T08:15:00+02:00;BS;11;;;24;996;510;3;0;5;;1;;1;;935;0;50;0;https://www.gesundheit.bs.ch;2020-07-08;08:15;28
2020-07-10T08:15:00+02:00;BS;18;;;57;1004;510;5;0;5;;1;;1;;935;0;50;0;https://www.gesundheit.bs.ch;2020-07-10;08:15;28
2020-07-14T08:35:00+02:00;BS;24;39;130;169;1014;510;5;0;5;;1;;1;;940;0;50;0;https://www.gesundheit.bs.ch;2020-07-14;08:35;29
2020-07-18T10:00:00+02:00;BS;18;44;206;250;1024;510;2;0;6;;1;;2;;956;7;50;0;https://www.gesundheit.bs.ch;2020-07-18;10:00;29
2020-07-19T14:44:00+02:00;BS;17;32;247;279;1025;510;1;0;6;;1;;2;;958;2;50;0;https://www.gesundheit.bs.ch https://www.bag.admin.ch/dam/bag/de/dokumente/mt/k-und-i/aktuelle-ausbrueche-pandemien/2019-nCoV/covid-19-woechentlicher-lagebericht.pdf.download.pdf/BAG_COVID-19_Woechentliche_Lage.pdf;2020-07-19;14:44;29
2020-07-21T08:45:00+02:00;BS;18;32;294;326;1032;510;6;0;6;;1;;3;;963;5;50;0;https://www.gesundheit.bs.ch;2020-07-21;08:45;30
2020-07-23T09:00:00+02:00;BS;18;35;281;316;1033;511;1;0;4;;2;;2;;964;0;51;1;https://www.gesundheit.bs.ch;2020-07-23;09:00;30
2020-07-24T08:45:00+02:00;BS;15;31;327;358;1034;511;1;0;4;;2;;2;;968;4;51;0;https://www.gesundheit.bs.ch;2020-07-24;08:45;30
2020-07-28T09:00:00+02:00;BS;16;26;427;453;1039;513;1;1;3;;2;;2;;971;2;52;0;https://www.gesundheit.bs.ch;2020-07-28;09:00;31
2020-07-31T09:35:00+02:00;BS;29;30;555;585;1054;514;2;0;5;5;0;;0;;973;1;52;0;https://www.gesundheit.bs.ch;2020-07-31;09:35;31
2020-08-08T09:30:00+02:00;BS;40;52;431;483;1083;516;1;0;8;8;0;;0;;991;3;52;0;https://www.gesundheit.bs.ch;2020-08-08;09:30;32
2020-08-10T09:45:00+02:00;BS;39;43;395;438;1087;516;2;0;8;8;0;;0;;996;1;52;0;https://www.gesundheit.bs.ch;2020-08-10;09:45;33
2020-08-11T08:45:00+02:00;BS;33;41;466;507;1092;518;5;2;9;8;1;;0;;1006;10;53;1;https://www.gesundheit.bs.ch;2020-08-11;08:45;33
2020-08-12T08:00:00+02:00;BS;32;43;497;540;1098;520;6;2;6;5;1;;0;;1013;7;53;0;https://www.gesundheit.bs.ch;2020-08-12;08:00;33
2020-08-13T09:50:00+02:00;BS;41;42;474;516;1110;520;12;0;5;4;1;;0;;1015;2;53;0;https://www.gesundheit.bs.ch;2020-08-13;09:50;33
2020-08-15T09:40:00+02:00;BS;60;76;428;504;1135;521;20;1;9;7;2;;0;;1022;0;53;0;https://www.gesundheit.bs.ch;2020-08-15;09:40;33
2020-08-17T10:30:00+02:00;BS;64;35;519;554;1144;521;4;0;8;6;2;;0;;1028;0;53;0;https://www.gesundheit.bs.ch;2020-08-17;10:30;34
2020-08-23T10:15:00+02:00;BS;71;104;357;461;1183;527;4;0;7;6;1;;0;;1059;10;53;0;https://www.gesundheit.bs.ch;2020-08-23;10:15;34
2020-08-27T09:00:00+02:00;BS;55;71;362;433;1196;528;6;1;6;5;1;;0;;1088;6;53;0;https://www.gesundheit.bs.ch;2020-08-27;09:00;35
2020-08-28T09:00:00+02:00;BS;57;60;312;372;1205;533;9;5;6;5;1;;0;;1095;7;53;0;https://www.gesundheit.bs.ch;2020-08-28;09:00;35
2020-09-03T09:30:00+02:00;BS;48;100;296;396;1229;539;3;3;5;3;2;;2;;1127;1;54;0;https://www.gesundheit.bs.ch;2020-09-03;09:30;36
2020-09-07T09:00:00+02:00;BS;42;63;325;388;1247;543;6;2;4;3;1;;1;;1151;3;54;0;https://www.gesundheit.bs.ch;2020-09-07;09:00;37
2020-09-10T09:00:00+02:00;BS;46;93;264;357;1263;546;5;1;2;1;1;;1;;1163;5;54;0;https://www.gesundheit.bs.ch;2020-09-10;09:00;37
2020-09-11T09:00:00+02:00;BS;46;94;235;329;1265;546;2;0;2;1;1;;1;;1165;2;54;0;https://www.gesundheit.bs.ch;2020-09-11;09:00;37
2020-09-13T09:40:00+02:00;BS;47;104;244;348;1272;546;7;0;4;3;1;;1;;1171;6;54;0;https://www.gesundheit.bs.ch;2020-09-13;09:40;37
2020-09-15T10:30:00+02:00;BS;46;97;249;346;1278;547;4;1;4;3;1;;1;;1178;4;54;0;https://www.gesundheit.bs.ch;2020-09-15;10:30;38
2020-09-19T08:30:00+02:00;BS;45;109;301;410;1291;549;2;0;2;2;0;;0;;1192;4;54;0;https://www.gesundheit.bs.ch;2020-09-19;08:30;38
2020-09-21T10:30:00+02:00;BS;38;80;350;430;1293;549;0;0;2;2;0;;0;;1201;4;54;0;https://www.gesundheit.bs.ch;2020-09-21;10:30;39
2020-09-22T09:00:00+02:00;BS;35;70;350;420;1296;550;3;1;2;2;0;;0;;1207;6;54;0;https://www.gesundheit.bs.ch;2020-09-22;09:00;39
2020-09-23T08:10:00+02:00;BS;33;68;389;457;1296;550;0;0;1;1;0;;0;;1209;2;54;0;https://www.gesundheit.bs.ch;2020-09-23;08:10;39
2020-09-28T08:45:00+02:00;BS;30;56;352;408;1311;553;2;0;3;2;1;;0;;1227;1;54;0;https://www.gesundheit.bs.ch;2020-09-28;08:45;40
2020-10-01T08:30:00+02:00;BS;32;74;377;451;1320;558;3;3;2;1;1;;1;;1234;3;54;0;https://www.gesundheit.bs.ch;2020-10-01;08:30;40
2020-10-05T08:50:00+02:00;BS;49;92;480;572;1350;566;4;3;1;0;1;;1;;1247;3;54;0;https://www.gesundheit.bs.ch;2020-10-05;08:50;41
2020-10-09T09:15:00+02:00;BS;89;240;661;901;1401;573;16;1;1;0;1;;1;;1258;3;54;0;https://www.gesundheit.bs.ch;2020-10-09;09:15;41
2020-10-16T08:30:00+02:00;BS;186;354;505;859;1548;594;27;3;12;6;6;;3;;1308;2;54;0;https://www.gesundheit.bs.ch;2020-10-16;08:30;42
2020-10-23T10:30:00+02:00;BS;399;538;387;925;1878;625;74;1;;;;;;;1425;36;54;0;https://www.gesundheit.bs.ch;2020-10-23;10:30;43
